[
  {
    "id": "185c564f-da09-4182-9184-4ce5b2b5561a",
    "data": [
      {
        "text": "алоха",
        "userDefined": false
      }
    ],
    "isTemplate": false,
    "count": 0,
    "updated": 0
  },
  {
    "id": "48e35bb3-b8ee-462c-895a-a9cd3eb1bae1",
    "data": [
      {
        "text": "шалом",
        "userDefined": false
      }
    ],
    "isTemplate": false,
    "count": 0,
    "updated": 0
  },
  {
    "id": "ede9f035-b289-42ff-a172-4a34d84bb81f",
    "data": [
      {
        "text": "приветствую",
        "userDefined": false
      }
    ],
    "isTemplate": false,
    "count": 0,
    "updated": 0
  },
  {
    "id": "867cc8fc-8adf-4767-8bc5-2f8180cf0b21",
    "data": [
      {
        "text": "я вас категорически приветствую",
        "userDefined": false
      }
    ],
    "isTemplate": false,
    "count": 0,
    "updated": 0
  },
  {
    "id": "0959912f-e89f-4ec5-bc30-9ba2e4c7ec9b",
    "data": [
      {
        "text": "здравствуйте",
        "userDefined": false
      }
    ],
    "isTemplate": false,
    "count": 0,
    "updated": 0
  },
  {
    "id": "a962eb7a-0e51-4fb0-badd-43616af5a940",
    "data": [
      {
        "text": "здарова",
        "userDefined": false
      }
    ],
    "isTemplate": false,
    "count": 0,
    "updated": 0
  },
  {
    "id": "fb4368b1-f912-499e-8e2c-ffa1c10bcdce",
    "data": [
      {
        "text": "хай",
        "userDefined": false
      }
    ],
    "isTemplate": false,
    "count": 0,
    "updated": 0
  },
  {
    "id": "dc1eee4c-1207-4762-8b29-8221bde37a0a",
    "data": [
      {
        "text": "привет",
        "userDefined": false
      }
    ],
    "isTemplate": false,
    "count": 0,
    "updated": 0
  }
]