[
  {
    "id": "2e7473e5-6160-42ca-ace8-cceced825968",
    "data": [
      {
        "text": "Сделай",
        "alias": "action",
        "meta": "@action",
        "userDefined": false
      },
      {
        "text": " ",
        "userDefined": false
      },
      {
        "text": "свет",
        "alias": "light",
        "meta": "@light",
        "userDefined": false
      },
      {
        "text": " ",
        "userDefined": false
      },
      {
        "text": "ярче",
        "alias": "up-brightness",
        "meta": "@up-brightness",
        "userDefined": false
      }
    ],
    "isTemplate": false,
    "count": 0,
    "updated": 0
  },
  {
    "id": "1cbd519c-e31f-41b0-8efe-42fce85c11af",
    "data": [
      {
        "text": "можно",
        "alias": "action",
        "meta": "@action",
        "userDefined": false
      },
      {
        "text": " ",
        "userDefined": false
      },
      {
        "text": "посветлее",
        "alias": "up-brightness",
        "meta": "@up-brightness",
        "userDefined": false
      }
    ],
    "isTemplate": false,
    "count": 0,
    "updated": 0
  },
  {
    "id": "c7d62335-c6ae-472d-b6d4-106173ecd717",
    "data": [
      {
        "text": "увеличь яркость",
        "alias": "up-brightness",
        "meta": "@up-brightness",
        "userDefined": false
      }
    ],
    "isTemplate": false,
    "count": 0,
    "updated": 0
  },
  {
    "id": "67a236a9-cce7-4bc1-aea3-dd85294753ce",
    "data": [
      {
        "text": "сделай",
        "alias": "action",
        "meta": "@action",
        "userDefined": false
      },
      {
        "text": " ",
        "userDefined": false
      },
      {
        "text": "поярче",
        "alias": "up-brightness",
        "meta": "@up-brightness",
        "userDefined": false
      }
    ],
    "isTemplate": false,
    "count": 0,
    "updated": 0
  }
]