[
  {
    "id": "f193a91a-1678-491f-bca5-b09f279c1a4e",
    "data": [
      {
        "text": "Измени",
        "alias": "change",
        "meta": "@change",
        "userDefined": false
      },
      {
        "text": " ",
        "userDefined": false
      },
      {
        "text": "пользовательский",
        "alias": "Preset",
        "meta": "@Preset",
        "userDefined": false
      },
      {
        "text": " ",
        "userDefined": false
      },
      {
        "text": "режим",
        "alias": "Status",
        "meta": "@Status",
        "userDefined": false
      },
      {
        "text": " на ",
        "userDefined": false
      },
      {
        "text": "60",
        "alias": "number",
        "meta": "@sys.number",
        "userDefined": false
      }
    ],
    "isTemplate": false,
    "count": 2,
    "updated": 0
  },
  {
    "id": "edddfdb9-e8cc-4828-96d3-9613722c98f8",
    "data": [
      {
        "text": "измени",
        "alias": "change",
        "meta": "@change",
        "userDefined": false
      },
      {
        "text": " ",
        "userDefined": false
      },
      {
        "text": "пресет",
        "alias": "Preset",
        "meta": "@Preset",
        "userDefined": false
      },
      {
        "text": " на ",
        "userDefined": false
      },
      {
        "text": "20",
        "alias": "number",
        "meta": "@sys.number",
        "userDefined": false
      }
    ],
    "isTemplate": false,
    "count": 0,
    "updated": 0
  },
  {
    "id": "fb81ece7-1222-4fe0-b23a-5b5ef65095f1",
    "data": [
      {
        "text": "нужно ",
        "userDefined": false
      },
      {
        "text": "изменить",
        "alias": "change",
        "meta": "@change",
        "userDefined": false
      },
      {
        "text": " ",
        "userDefined": false
      },
      {
        "text": "ночной",
        "alias": "light",
        "meta": "@light",
        "userDefined": false
      },
      {
        "text": " ",
        "userDefined": false
      },
      {
        "text": "режим",
        "alias": "Status",
        "meta": "@Status",
        "userDefined": false
      },
      {
        "text": " на ",
        "userDefined": false
      },
      {
        "text": "10",
        "alias": "number",
        "meta": "@sys.number",
        "userDefined": false
      }
    ],
    "isTemplate": false,
    "count": 0,
    "updated": 0
  },
  {
    "id": "06b4ae4d-071d-48e7-9651-c02fbafb9728",
    "data": [
      {
        "text": "поменяй",
        "alias": "change",
        "meta": "@change",
        "userDefined": false
      },
      {
        "text": " яркость ",
        "userDefined": false
      },
      {
        "text": "стандартного",
        "alias": "action",
        "meta": "@action",
        "userDefined": false
      },
      {
        "text": " режима на ",
        "userDefined": false
      },
      {
        "text": "66",
        "alias": "number",
        "meta": "@sys.number",
        "userDefined": true
      }
    ],
    "isTemplate": false,
    "count": 0,
    "updated": 0
  },
  {
    "id": "de91ad83-048e-4e0b-8d17-3c542aafac05",
    "data": [
      {
        "text": "Измени",
        "alias": "change",
        "meta": "@change",
        "userDefined": false
      },
      {
        "text": " яркость режима ",
        "userDefined": false
      },
      {
        "text": "чтения",
        "alias": "light",
        "meta": "@light",
        "userDefined": false
      },
      {
        "text": " на ",
        "userDefined": false
      },
      {
        "text": "20",
        "alias": "number",
        "meta": "@sys.number",
        "userDefined": false
      },
      {
        "text": " процентов",
        "userDefined": false
      }
    ],
    "isTemplate": false,
    "count": 0,
    "updated": 0
  }
]