[
  {
    "id": "875777ee-e225-400a-bfe2-99a55e2d2a06",
    "data": [
      {
        "text": "выставь",
        "alias": "Set",
        "meta": "@Set",
        "userDefined": false
      },
      {
        "text": " яркость на ",
        "userDefined": false
      },
      {
        "text": "20",
        "alias": "number",
        "meta": "@sys.number",
        "userDefined": false
      },
      {
        "text": " процентов",
        "userDefined": false
      }
    ],
    "isTemplate": false,
    "count": 0,
    "updated": 0
  },
  {
    "id": "ed14d708-397b-41da-b235-b5644b81229b",
    "data": [
      {
        "text": "установи",
        "alias": "Set",
        "meta": "@Set",
        "userDefined": false
      },
      {
        "text": " яркость на ",
        "userDefined": false
      },
      {
        "text": "100",
        "alias": "number",
        "meta": "@sys.number",
        "userDefined": false
      }
    ],
    "isTemplate": false,
    "count": 0,
    "updated": 0
  }
]