[
  {
    "id": "d60c3652-f510-465e-b264-9559b2b812e1",
    "data": [
      {
        "text": "включи",
        "alias": "action",
        "meta": "@action",
        "userDefined": false
      },
      {
        "text": " ",
        "userDefined": false
      },
      {
        "text": "читательский",
        "alias": "light",
        "meta": "@light",
        "userDefined": true
      },
      {
        "text": " ",
        "userDefined": false
      },
      {
        "text": "режим",
        "alias": "Status",
        "meta": "@Status",
        "userDefined": false
      }
    ],
    "isTemplate": false,
    "count": 0,
    "updated": 0
  },
  {
    "id": "b8e7d831-b233-44e6-94e8-41e99178cdd4",
    "data": [
      {
        "text": "вруби",
        "alias": "action",
        "meta": "@action",
        "userDefined": false
      },
      {
        "text": " ",
        "userDefined": false
      },
      {
        "text": "читалку",
        "alias": "light",
        "meta": "@light",
        "userDefined": false
      }
    ],
    "isTemplate": false,
    "count": 0,
    "updated": 0
  },
  {
    "id": "cf557c4b-1baa-4239-a382-b8b5da401aad",
    "data": [
      {
        "text": "включи",
        "alias": "action",
        "meta": "@action",
        "userDefined": false
      },
      {
        "text": " ",
        "userDefined": false
      },
      {
        "text": "режим",
        "alias": "Status",
        "meta": "@Status",
        "userDefined": false
      },
      {
        "text": " для ",
        "userDefined": false
      },
      {
        "text": "чтения",
        "alias": "light",
        "meta": "@light",
        "userDefined": false
      }
    ],
    "isTemplate": false,
    "count": 0,
    "updated": 0
  }
]