[
  {
    "id": "1028d814-71fb-4690-a800-3c0d64cc7cbe",
    "data": [
      {
        "text": "уменьши яркость",
        "alias": "down-brightness",
        "meta": "@down-brightness",
        "userDefined": false
      }
    ],
    "isTemplate": false,
    "count": 0,
    "updated": 0
  },
  {
    "id": "55f91a5e-4259-4b49-b627-edc164a50898",
    "data": [
      {
        "text": "сделай",
        "alias": "action",
        "meta": "@action",
        "userDefined": false
      },
      {
        "text": " ",
        "userDefined": false
      },
      {
        "text": "темнее",
        "alias": "down-brightness",
        "meta": "@down-brightness",
        "userDefined": false
      }
    ],
    "isTemplate": false,
    "count": 0,
    "updated": 0
  },
  {
    "id": "db94c510-608d-4f87-82b3-66e7f6cd4a37",
    "data": [
      {
        "text": "можно",
        "alias": "action",
        "meta": "@action",
        "userDefined": false
      },
      {
        "text": " ",
        "userDefined": false
      },
      {
        "text": "свет",
        "alias": "light",
        "meta": "@light",
        "userDefined": false
      },
      {
        "text": " ",
        "userDefined": false
      },
      {
        "text": "потемнее",
        "alias": "down-brightness",
        "meta": "@down-brightness",
        "userDefined": false
      }
    ],
    "isTemplate": false,
    "count": 0,
    "updated": 0
  }
]