[
  {
    "id": "8837c07a-8d86-4e8a-b845-d21a5853500b",
    "data": [
      {
        "text": "Включи",
        "alias": "action",
        "meta": "@action",
        "userDefined": false
      },
      {
        "text": " ",
        "userDefined": false
      },
      {
        "text": "пользовательский",
        "alias": "Preset",
        "meta": "@Preset",
        "userDefined": false
      },
      {
        "text": " ",
        "userDefined": false
      },
      {
        "text": "режим",
        "alias": "Status",
        "meta": "@Status",
        "userDefined": false
      }
    ],
    "isTemplate": false,
    "count": 3,
    "updated": 0
  },
  {
    "id": "5b37e849-c78e-41e7-aa37-4b722b9c2e8f",
    "data": [
      {
        "text": "включи",
        "alias": "action",
        "meta": "@action",
        "userDefined": false
      },
      {
        "text": " ",
        "userDefined": false
      },
      {
        "text": "индивидуальный",
        "alias": "Preset",
        "meta": "@Preset",
        "userDefined": false
      },
      {
        "text": " ",
        "userDefined": false
      },
      {
        "text": "режим",
        "alias": "Status",
        "meta": "@Status",
        "userDefined": false
      }
    ],
    "isTemplate": false,
    "count": 0,
    "updated": 0
  },
  {
    "id": "89a7c070-db06-462a-8f85-8fda680bbeb3",
    "data": [
      {
        "text": "включи",
        "alias": "action",
        "meta": "@action",
        "userDefined": false
      },
      {
        "text": " ",
        "userDefined": false
      },
      {
        "text": "пресет",
        "alias": "Preset",
        "meta": "@Preset",
        "userDefined": false
      }
    ],
    "isTemplate": false,
    "count": 0,
    "updated": 0
  }
]