[
  {
    "id": "8e847d06-e6aa-4ab4-9f56-03a42024c50b",
    "data": [
      {
        "text": "Подрубай",
        "alias": "action",
        "meta": "@action",
        "userDefined": false
      },
      {
        "text": " ",
        "userDefined": false
      },
      {
        "text": "ночное",
        "alias": "light",
        "meta": "@light",
        "userDefined": false
      },
      {
        "text": " ",
        "userDefined": false
      },
      {
        "text": "состояние",
        "alias": "Status",
        "meta": "@Status",
        "userDefined": false
      }
    ],
    "isTemplate": false,
    "count": 0,
    "updated": 0
  },
  {
    "id": "9acdb101-4c10-403a-8e02-94c9208794ba",
    "data": [
      {
        "text": "включи",
        "alias": "action",
        "meta": "@action",
        "userDefined": false
      },
      {
        "text": " ",
        "userDefined": false
      },
      {
        "text": "ночь",
        "alias": "light",
        "meta": "@light",
        "userDefined": false
      }
    ],
    "isTemplate": false,
    "count": 0,
    "updated": 0
  },
  {
    "id": "916277c2-6ac3-45fd-9389-413997a4b919",
    "data": [
      {
        "text": "Включи",
        "alias": "action",
        "meta": "@action",
        "userDefined": false
      },
      {
        "text": " ",
        "userDefined": false
      },
      {
        "text": "ночной",
        "alias": "light",
        "meta": "@light",
        "userDefined": false
      },
      {
        "text": " ",
        "userDefined": false
      },
      {
        "text": "режим",
        "alias": "Status",
        "meta": "@Status",
        "userDefined": false
      }
    ],
    "isTemplate": false,
    "count": 0,
    "updated": 0
  }
]