[
  {
    "value": "on",
    "synonyms": [
      "Включить",
      "включай",
      "включи",
      "врубай",
      "вруби",
      "врубить",
      "да будет",
      "зажги",
      "зажечь",
      "зажигай",
      "поджечь",
      "поджигай",
      "подожги",
      "подрубай",
      "подруби",
      "подрубить",
      "стандартный",
      "стандартный режим"
    ]
  },
  {
    "value": "Выключить",
    "synonyms": [
      "Выключить",
      "выключай",
      "выключи",
      "вырубай",
      "выруби",
      "вырубить",
      "затуши",
      "затушить",
      "туши",
      "тушить"
    ]
  },
  {
    "value": "Сделай",
    "synonyms": [
      "Можно",
      "Сделай",
      "Сделайка"
    ]
  }
]