[
  {
    "value": "night",
    "synonyms": [
      "Ночной",
      "Ночь",
      "ночного",
      "ночное",
      "ночьку"
    ]
  },
  {
    "value": "read",
    "synonyms": [
      "Чтение",
      "читалка",
      "читалку",
      "читательский",
      "читательского",
      "чтения"
    ]
  },
  {
    "value": "ВК",
    "synonyms": [
      "ВК",
      "вэ ка",
      "нотифаи",
      "нотифай",
      "уведомление",
      "уведомления"
    ]
  },
  {
    "value": "Свет",
    "synonyms": [
      "Лампочка",
      "Лампочку",
      "Огонь",
      "Освещение",
      "Пламя",
      "Прожектор",
      "Свет",
      "лампа",
      "лампу",
      "свечка",
      "свечку",
      "софит",
      "факел"
    ]
  }
]